<?xml version="1.0"?>
<Runs Version="1" Minor="0">
	<Run Id="merge_sort_merge_sort_0_0_synth_1" LaunchDir="C:/Users/cecil/Vivado/merge_sort/merge_sort.runs/merge_sort_merge_sort_0_0_synth_1" FlowId="Vivado_Synthesis" FromStepId="vivado" ToStepId="vivado"/>
	<Run Id="merge_sort_auto_pc_0_synth_1" LaunchDir="C:/Users/cecil/Vivado/merge_sort/merge_sort.runs/merge_sort_auto_pc_0_synth_1" FlowId="Vivado_Synthesis" FromStepId="vivado" ToStepId="vivado"/>
	<Run Id="merge_sort_rst_ps7_0_100M_0_synth_1" LaunchDir="C:/Users/cecil/Vivado/merge_sort/merge_sort.runs/merge_sort_rst_ps7_0_100M_0_synth_1" FlowId="Vivado_Synthesis" FromStepId="vivado" ToStepId="vivado"/>
	<Run Id="merge_sort_processing_system7_0_0_synth_1" LaunchDir="C:/Users/cecil/Vivado/merge_sort/merge_sort.runs/merge_sort_processing_system7_0_0_synth_1" FlowId="Vivado_Synthesis" FromStepId="vivado" ToStepId="vivado"/>
	<Run Id="synth_1" LaunchDir="C:/Users/cecil/Vivado/merge_sort/merge_sort.runs/synth_1" FlowId="Vivado_Synthesis" FromStepId="vivado" ToStepId="vivado">
		<Parent Id="merge_sort_merge_sort_0_0_synth_1"/>
		<Parent Id="merge_sort_auto_pc_0_synth_1"/>
		<Parent Id="merge_sort_rst_ps7_0_100M_0_synth_1"/>
		<Parent Id="merge_sort_processing_system7_0_0_synth_1"/>
	</Run>
	<Run Id="impl_1" LaunchDir="C:/Users/cecil/Vivado/merge_sort/merge_sort.runs/impl_1" FlowId="Vivado_Implementation" FromStepId="init_design" ToStepId="write_bitstream">
		<Parent Id="synth_1"/>
		<Parent Id="merge_sort_merge_sort_0_0_synth_1"/>
		<Parent Id="merge_sort_auto_pc_0_synth_1"/>
		<Parent Id="merge_sort_rst_ps7_0_100M_0_synth_1"/>
		<Parent Id="merge_sort_processing_system7_0_0_synth_1"/>
	</Run>
	<Parameters>
		<Parameter Name="runs.monitorLSFJobs" Val="true" Type="bool"/>
		<Parameter Name="runs.enableClusterConf" Val="true" Type="bool"/>
	</Parameters>
</Runs>

